id,trtgroup,sex,race,dmft,dmfs,age,mutpre,mutpost,mut1mos,mut3mos
1,Drug,Male,White,26,106,71.4770705,5.021189299,3.342422681,2.74036269,0
4,Drug,Female,White,24,74,40.30390144,5.322219295,2.602059991,4.161368002,4.322219295
5,Placebo,Male,White,15,46,37.82067077,5.939519253,3.698970004,5.361727836,6.361727836
6,Placebo,Female,White,25,86,66.45585216,6.795880017,3.278753601,5.161368002,5.012837225
7,Drug,Male,White,24,61,27.11293635,6.537819095,1.703291378,2.302114377,3.397940009
8,NoGum,Male,White,19,74,58.78986995,5.130333769,5.361727836,4.579783597,3.848189117
9,Placebo,Female,White,16,52,41.23750856,5.84509804,0,6.267171728,4.301029996
13,Placebo,Female,White,24,91,36.91991786,6.568201724,5.531478917,5.903089987,6.875061263
16,NoGum,Male,White,15,42,42.33264887,5.648360011,4.921686476,3.770852012,3.096910013
17,Drug,Male,White,30,111,73.94661191,7.442479769,1.703291378,3.202215776,4.062581984
18,Drug,Male,White,23,82,56.79945243,5.447158031,0,3.74036269,4.62324929
20,NoGum,Male,White,27,120,63.32648871,4.812913357,4.744292983,4.802773725,5.176091259
21,NoGum,Female,White,16,68,73.14168378,5.720159303,4.311753861,4.06069784,5.759667845
23,Placebo,Male,White,NA,NA,24.26283368,6.630936119,6.936513743,4.698970004,4.447158031
27,Drug,Female,White,26,94,49.68925394,6.243038049,2.653212514,6,5.568201724
29,Placebo,Female,White,24,108,60.8569473,4.397940009,0,3.903089987,5.190331698
32,NoGum,Female,White,22,90,43.84394251,6.397940009,3.204119983,4.84509804,6
33,Placebo,Female,White,24,102,68.61875428,4.954242509,2.002166062,5.041392685,5.770852012
35,NoGum,Male,White,22,66,70.39561944,5.826074803,0,3.875061263,5.903089987
38,Drug,Female,White,8,24,23.33470226,5.854306042,0,0,1.703291378
40,Placebo,Male,White,32,143,57.12251882,4.653212514,1.703291378,4.361727836,4.380211242
43,Drug,Male,White,14,43,50.63381246,6.113943352,3.230448921,3.977723605,5.658964843
44,Drug,Male,White,31,95,27.52087611,6.320146286,4.113943352,4.51851394,NA
46,Placebo,Male,White,11,29,24.28199863,5.785329835,4.079181246,5,5.531478917
47,Drug,Female,White,14,43,24.89801506,5.113943352,2.954242509,0,3.176091259
48,NoGum,Female,Black,16,42,27.34017796,5.854306042,1.703291378,3.74036269,4.278753601
49,NoGum,Female,White,22,89,37.94934976,4.544068044,0,3.519434195,0
50,NoGum,Female,White,17,57,37.71663244,6,2.698970004,4.301029996,5.352182518
51,Placebo,Male,White,26,107,71.91512663,5.954242509,2.397940009,5.243038049,5.633468456
52,Drug,Male,White,32,118,81.34428474,6.230448921,1.703291378,4.361727836,4.352182518
53,Drug,Male,White,25,86,70.98699521,5.161368002,2.39880773,5.51851394,5.752048448
54,Placebo,Male,White,13,37,24.678987,4.875061263,0,1.703291378,2.84509804
55,NoGum,Female,White,23,90,70.37371663,5.62324929,3.301029996,3.954242509,4.525044807
56,Placebo,Female,White,15,56,46.4421629,4.301040853,0,0,0
58,NoGum,Male,Asian,8,27,25.31416838,4.698970004,0,4.544068044,4.633468456
59,NoGum,Male,White,12,32,22.46954141,5.439332694,1.703291378,3.929418926,3.711807229
60,Placebo,Male,White,24,68,30.34907598,5.161368002,0,4.894869657,5.491361694
61,NoGum,Male,White,20,65,55.41409993,5.33243846,3.33243846,3.929418926,5.267171728
62,NoGum,Male,White,18,56,24.57494867,4.903089987,3.653212514,4.505149978,4.230448921
63,NoGum,Female,White,13,37,45.66735113,4.176091259,0,4.161368002,4.477121255
64,Placebo,Female,White,15,37,43.09103354,7.130333769,4.113943352,6.33243846,6.592176757
65,Placebo,Female,White,8,10,25.3963039,6,3.74036269,3.698970004,4.903089987
66,NoGum,Female,White,27,107,73.71389459,6.185966893,0,5.113943352,5.243038049
67,Drug,Male,White,8,26,27.15947981,5.45484486,2.397940009,3.809559715,3.774516966
68,Drug,Male,White,12,32,25.82888433,4.301040853,3.491361694,4.352182518,3.544068044
69,NoGum,Male,White,17,49,51.70978782,4.544068044,3.74036269,4.728353782,5.204119983
71,Placebo,Female,White,19,58,42.81724846,5.146128036,2.477121255,3.812913357,5.243038049
72,NoGum,Female,White,23,100,67.58932238,5.574031268,0,4.74036269,5.556302501
73,NoGum,Male,White,12,34,35.67145791,6.127104798,0,3.698970004,6.205475037
74,NoGum,Female,White,13,42,49.80698152,5.130333769,2.857332496,3.819543936,4.69019608
76,Drug,Male,White,18,57,48.06570842,5.491361694,3.45484486,3.40654018,4.51851394
78,Drug,Male,White,5,13,22.75427789,4.544068044,2.954242509,4.079181246,3.977723605
79,Drug,Female,White,9,30,24.8514716,5.431363764,3.361727836,0,2.176091259
80,Placebo,Male,White,11,31,23.14031485,6.505149978,4.113943352,5.06069784,6.091666958
81,NoGum,Male,White,9,24,26.2532512,5.767155866,4.544068044,5.45484486,5.24674471
83,NoGum,Female,White,6,26,23.06913073,4.954242509,0,2.176091259,2.397940009
84,NoGum,Male,White,11,30,19.69336071,4.812913357,4.113943352,4.802773725,4.607455023
90,Drug,Female,White,16,59,28.32854209,5.06069784,2,2.954242509,2.602059991
91,Drug,Male,White,11,35,28.79397673,5.161368002,2.1775365,3.146128036,2.477121255
92,NoGum,Male,White,17,21,26.93497604,6.681241237,5.970811611,6.361727836,6.176091259
93,Drug,Male,White,19,44,49.58795346,5.40654018,0,0,4.73239376
94,Placebo,Male,White,12,42,25.34702259,4.977723605,0,4.230448921,4.423245874
95,Placebo,Female,Asian,9,25,23.9945243,5.653212514,2.477121255,3.84509804,4.591064607
96,Drug,Male,White,16,42,51.14031485,4.84509804,3.74036269,4.096910013,4.51851394
98,Placebo,Female,White,25,115,59.54004107,5.672097858,2.397940009,3.903089987,0
100,Placebo,Female,White,17,48,41.86173854,5.342422681,3.477121255,4.33243846,5.352182518
101,Placebo,Male,White,7,23,23.85489391,6.596597096,3.301029996,4.146128036,5.711807229
102,Drug,Female,White,6,23,24.61875428,5.06069784,1.703291378,0,2.602059991
105,Drug,Female,White,17,56,43.03901437,5.041392685,1.703291378,0,0
110,Drug,Female,White,19,58,50.59548255,5.096910013,0,2.477121255,4.84509804
111,NoGum,Male,White,15,55,34.58453114,5.322219295,2.812913357,3.602059991,5.531478917
112,NoGum,Male,White,11,37,36.42984257,6.051152522,0,3.113943352,4.62838893
114,Drug,Male,White,11,33,28.58316222,5.161368002,2.698970004,2.477121255,3.67669361
117,Placebo,Female,White,16,46,40.10951403,5.371067862,3.40654018,2.302114377,2.002166062
118,Placebo,Female,White,10,28,23.09650924,4.544068044,0,3.45484486,4.161368002
119,NoGum,Female,White,16,43,33.24845996,4.84509804,2.698970004,4.267171728,4.602059991
121,Placebo,Female,White,15,55,49.7522245,5.477121255,3.267171728,3.342422681,4.69019608
122,NoGum,Female,White,11,32,28.03559206,4.74036269,0,2.602059991,2.698970004
124,Placebo,Female,Black,15,54,22.60095825,5.40654018,4.40654018,4.716003344,5.311753861
127,Placebo,Male,Asian,8,36,29.46475017,6.58546073,2.74036269,5.763427994,6.012837225
128,NoGum,Female,White,13,34,25.28952772,4.301029996,2.176091259,2.602059991,4.301029996
129,NoGum,Female,White,8,25,21.7467488,4.875061263,3.176091259,4.230448921,5.707570176
130,NoGum,Female,White,16,48,24.97741273,4.875061263,0,4.021189299,0
131,Drug,Female,White,16,44,22.02053388,5.447158031,3.77815125,3.544068044,NA
132,Placebo,Female,Asian,12,36,23.16221766,4.812913357,2.653212514,3.62324929,4.130333769
135,NoGum,Female,White,18,50,30.23134839,4.176105735,0,2.477121255,5.243038049
136,Drug,Female,White,16,55,39.93702943,6.079181246,2,1.703291378,0
137,Placebo,Female,White,15,43,32.56673511,4.929418926,3.469822016,4.06069784,4.79934055
139,NoGum,Female,White,7,27,21.83436003,4.301029996,0,0,4.86332286
140,Drug,Female,White,8,20,22.22313484,4.397940009,2.653212514,3,3.40654018
141,Placebo,Female,White,10,34,27.4880219,5.278753601,2.74036269,4.484299839,5.389166084
143,Placebo,Female,White,4,25,18.82272416,5.711807229,0,5.278753601,NA
145,Placebo,Male,White,18,56,26.83093771,4.544068044,1.703291378,4.781755375,4.190331698
146,Placebo,Male,Asian,21,79,43.77549624,4.698970004,0,3.255272505,5.021189299
147,NoGum,Female,White,4,4,30.88569473,4.176091259,0,3.544068044,4.550228353
148,Drug,Female,White,13,41,21.46475017,4.977723605,5.06069784,4.653212514,4.653212514
149,Drug,Female,White,23,57,47.36208077,4.176091259,0,4.380211242,0
151,Drug,Female,White,4,20,25.68651609,5.531478917,2.544068044,3.498310554,2.903089987
152,Drug,Female,White,14,48,27.37029432,5.602059991,0,0,2.002166062
153,NoGum,Male,White,12,35,28.34223135,5.130333769,4.40654018,4.06069784,3.736396502
154,Placebo,Female,White,12,41,21.43737166,5.380211242,0,4.431363764,NA
156,NoGum,Female,White,6,22,18.97878166,5.883661435,0,6.293362555,6.15136985
157,Drug,Female,White,12,35,22.66666667,5.866287339,3.602059991,5.096910013,3.77815125
158,Placebo,Female,White,4,20,19.11841205,7.550839605,4.857332496,6.070037867,5.835690572
159,Drug,Male,Other/un,20,57,24.59685147,5.230448921,2.302114377,0,3.602059991
160,Placebo,Male,White,10,14,38.26146475,4.812913357,3.477121255,4.977723605,5.041392685
163,Drug,Female,White,5,21,22.04791239,5.40654018,0,0,0
164,Drug,Female,White,7,23,24.72826831,4.301029996,0,2.397940009,0
165,Placebo,Male,White,20,81,51.17043121,6.181843588,3.06069784,5.447158031,6.728353782
167,NoGum,Female,White,12,24,20.89253936,4.954242509,2.84509804,2.698970004,2
169,Drug,Female,White,14,30,20.6844627,5.84509804,2.477121255,4.462397998,5.67669361
173,Drug,Female,White,19,35,23.87679672,5.951823035,4.447158031,6.954724791,5.550228353
174,NoGum,Female,White,12,40,28.75564682,4.176091259,2.977723605,4.079181246,4.67669361
176,NoGum,Female,White,21,80,50.99247091,5.84509804,3.161368002,4.06069784,2.653212514
177,Drug,Male,White,6,11,28.49828884,4.875061263,1.703291378,0,0
178,Placebo,Male,White,10,23,25.9192334,4.176091259,4.217483944,4.204119983,4.703291378
179,Drug,Female,White,9,26,21.05407255,5.190331698,3.77815125,3.511883361,3.243038049
181,Placebo,Female,White,18,70,39.15126626,5.322219295,2.602059991,4.322219295,5.125481266
182,Placebo,Female,Asian,12,40,26.53251198,4.397940009,4.352182518,3.720159303,4.477121255
183,NoGum,Male,White,18,57,38.6146475,4.544068044,2.176091259,3.021189299,2.812913357
184,Drug,Female,White,24,78,48.88706366,6.939519253,1.703291378,4.096910013,5.40654018
185,NoGum,Male,White,12,29,29.46475017,5.190331698,0,0,0
186,Placebo,Female,White,22,63,53.88637919,4.84509804,0,4.462397998,3.755874856
187,Drug,Male,White,23,63,52.88158795,5.991226076,3.477121255,3.431363764,4.146128036
188,NoGum,Male,White,9,28,29.67282683,4.477121255,3.484299839,NA,4.977723605
190,Placebo,Female,White,18,73,40.1779603,5.633468456,3.371067862,5.204119983,5.079181246
191,NoGum,Male,White,12,37,51.72621492,4.875061263,2.544688022,3.602059991,4.079181246
192,Placebo,Male,White,11,33,25.50308008,5.531478917,2.301029996,2.544068044,3.970811611
193,Drug,Male,White,8,20,32.55030801,6.079181246,3.447158031,3.230448921,2.176091259
195,Placebo,Female,Black,18,36,38.51882272,4.77815125,4.06069784,4.267171728,2.77815125
197,NoGum,Female,White,16,58,32.19438741,4.77815125,1.703291378,2,2.301029996
198,Drug,Male,White,14,36,33.71663244,5.255272505,2.002166062,2.544068044,3.096910013
201,Placebo,Male,White,18,52,28.27652293,6.125481266,3.84509804,4.69019608,5.311753861
202,Drug,Male,White,12,34,26.70499658,4.397940009,0,0,2.544068044
203,NoGum,Female,White,8,24,23.29637235,5.33243846,2.544068044,4.45484486,4.423245874
204,Drug,Female,White,6,23,23.60574949,5.414973348,4.176091259,2.653212514,3.755874856
205,Drug,Female,White,15,61,51.4661191,4.397940009,0,3.809559715,3.602059991
206,Placebo,Female,White,9,25,25.35249829,4.000021714,0,2.397940009,2.954242509
208,Placebo,Female,White,12,38,39.77549624,5.041392685,4.06069784,5.041392685,4.596597096
209,Placebo,Male,White,4,5,24.29842574,5.544068044,0,0,4.491361694
210,NoGum,Male,White,8,28,29.10609172,4.397940009,2.302114377,3.602059991,2.954242509
212,NoGum,Male,White,1,1,20.30390144,5.352182518,3.653212514,5.180412633,5.086359831
214,Drug,Female,White,5,21,20.90349076,5.579783597,2.929418926,4.204119983,4.230448921
215,Placebo,Female,White,9,25,20.15058179,6.079181246,3.84509804,4.431363764,5.505149978
216,NoGum,Female,White,20,63,49.02669405,6.491361694,4.06069784,6.043362278,0
217,Placebo,Female,White,23,64,40.24640657,4.602059991,0,0,2.77815125
219,NoGum,Male,Black,24,78,39.90143737,4.698970004,4.711807229,5.113943352,5.970811611
222,Drug,Male,Asian,0,0,21.94934976,5.550228353,1.703291378,2.302114377,4.431363764
224,Drug,Male,White,6,25,26.88021903,5.06069784,3.618048097,3.809559715,4.431363764
226,NoGum,Female,Black,5,8,24.1615332,5.322219295,3.243038049,3.079181246,4.397940009
227,Drug,Female,White,12,32,21.72758385,6.041392685,4.06069784,3.954242509,4.58546073
